Label_Asli,Benar,Salah,Total,Akurasi_Kelas (%)
rendah,54,1,55,98.18181818181819
sedang,49,6,55,89.0909090909091
tinggi,50,5,55,90.9090909090909
